timestamp,filename,label,is_defective,confidence,raw_probability,model_used
2026-08-18T16:37:33.429215+00:00,cast_def_0_8679.jpeg,def_front,True,0.9593,0.9593,resnet18_transfer
2026-08-18T16:37:33.440751+00:00,cast_ok_0_7115.jpeg,ok_front,False,0.9974,0.0026000000000000467,resnet18_transfer
2026-08-18T16:37:33.452886+00:00,cast_ok_0_6483.jpeg,ok_front,False,0.9897,0.010299999999999976,resnet18_transfer
2026-08-18T16:37:33.464547+00:00,cast_def_0_7915.jpeg,def_front,True,0.6074,0.6074,resnet18_transfer
2026-08-18T16:37:33.475493+00:00,cast_def_0_7136.jpeg,def_front,True,0.9707,0.9707,resnet18_transfer
2026-08-18T16:37:33.486549+00:00,cast_def_0_5815.jpeg,def_front,True,0.9233,0.9233,resnet18_transfer
2026-08-18T16:37:33.497488+00:00,cast_ok_0_2273.jpeg,ok_front,False,0.9798,0.020199999999999996,resnet18_transfer
2026-08-18T16:37:33.508392+00:00,cast_def_0_2161.jpeg,def_front,True,0.9636,0.9636,resnet18_transfer
2026-08-18T16:37:33.519152+00:00,cast_def_0_6261.jpeg,def_front,True,0.9853,0.9853,resnet18_transfer
2026-08-18T16:37:33.529907+00:00,cast_def_0_9581.jpeg,def_front,True,0.993,0.993,resnet18_transfer
2026-08-18T16:37:33.540549+00:00,cast_def_0_8612.jpeg,def_front,True,0.9251,0.9251,resnet18_transfer
2026-08-18T16:37:33.551220+00:00,cast_def_0_2233.jpeg,def_front,True,0.7698,0.7698,resnet18_transfer
2026-08-18T16:37:33.561949+00:00,cast_ok_0_7624.jpeg,ok_front,False,0.9144,0.08560000000000001,resnet18_transfer
2026-08-18T16:37:33.572656+00:00,cast_def_0_5152.jpeg,ok_front,False,0.9781,0.02190000000000003,resnet18_transfer
2026-08-18T16:37:33.583592+00:00,cast_ok_0_7786.jpeg,ok_front,False,0.9177,0.08230000000000004,resnet18_transfer
2026-08-18T16:37:33.594464+00:00,cast_def_0_452.jpeg,def_front,True,0.5738,0.5738,resnet18_transfer
2026-08-18T16:37:33.605047+00:00,cast_ok_0_4502.jpeg,ok_front,False,0.9319,0.06810000000000005,resnet18_transfer
2026-08-18T16:37:33.615882+00:00,cast_def_0_3254.jpeg,def_front,True,0.8719,0.8719,resnet18_transfer
2026-08-18T16:37:33.626626+00:00,cast_def_0_5668.jpeg,def_front,True,0.9391,0.9391,resnet18_transfer
2026-08-18T16:37:33.637334+00:00,cast_ok_0_3070.jpeg,ok_front,False,0.9866,0.013399999999999967,resnet18_transfer
2026-08-18T16:37:33.648072+00:00,cast_ok_0_8294.jpeg,ok_front,False,0.8662,0.13380000000000003,resnet18_transfer
2026-08-18T16:37:33.658722+00:00,cast_def_0_2939.jpeg,def_front,True,0.9274,0.9274,resnet18_transfer
2026-08-18T16:37:33.669200+00:00,cast_def_0_3131.jpeg,def_front,True,0.9957,0.9957,resnet18_transfer
2026-08-18T16:37:33.679939+00:00,cast_def_0_5591.jpeg,def_front,True,0.9493,0.9493,resnet18_transfer
2026-08-18T16:37:33.690655+00:00,cast_def_0_822.jpeg,def_front,True,0.7778,0.7778,resnet18_transfer
2026-08-18T16:37:33.701276+00:00,cast_def_0_2099.jpeg,def_front,True,0.9963,0.9963,resnet18_transfer
2026-08-18T16:37:33.711924+00:00,cast_def_0_6200.jpeg,def_front,True,0.9996,0.9996,resnet18_transfer
2026-08-18T16:37:33.722728+00:00,cast_ok_0_3495.jpeg,ok_front,False,0.8475,0.15249999999999997,resnet18_transfer
2026-08-18T16:37:33.733563+00:00,cast_ok_0_1675.jpeg,ok_front,False,0.9925,0.007499999999999951,resnet18_transfer
2026-08-18T16:37:33.744255+00:00,cast_ok_0_2333.jpeg,ok_front,False,0.8608,0.1392,resnet18_transfer
2026-08-18T16:37:33.754988+00:00,cast_ok_0_8110.jpeg,ok_front,False,0.9465,0.05349999999999999,resnet18_transfer
2026-08-18T16:37:33.766051+00:00,cast_def_0_8570.jpeg,def_front,True,0.7712,0.7712,resnet18_transfer
2026-08-18T16:37:33.776778+00:00,cast_ok_0_8964.jpeg,ok_front,False,0.9028,0.09719999999999995,resnet18_transfer
2026-08-18T16:37:33.787564+00:00,cast_def_0_3896.jpeg,def_front,True,0.9572,0.9572,resnet18_transfer
2026-08-18T16:37:33.798720+00:00,cast_def_0_1553.jpeg,def_front,True,0.9585,0.9585,resnet18_transfer
2026-08-18T16:37:33.809392+00:00,cast_def_0_1175.jpeg,def_front,True,0.8529,0.8529,resnet18_transfer
2026-08-18T16:37:33.819898+00:00,cast_ok_0_7089.jpeg,ok_front,False,0.759,0.241,resnet18_transfer
2026-08-18T16:37:33.830569+00:00,cast_ok_0_9508.jpeg,ok_front,False,0.9029,0.09709999999999996,resnet18_transfer
2026-08-18T16:37:33.841230+00:00,cast_def_0_4552.jpeg,def_front,True,0.5683,0.5683,resnet18_transfer
2026-08-18T16:37:33.851876+00:00,cast_ok_0_8124.jpeg,ok_front,False,0.8452,0.15480000000000005,resnet18_transfer
2026-08-18T16:37:33.862613+00:00,cast_ok_0_529.jpeg,ok_front,False,0.942,0.05800000000000005,resnet18_transfer
2026-08-18T16:37:33.873075+00:00,cast_def_0_8594.jpeg,def_front,True,0.8483,0.8483,resnet18_transfer
2026-08-18T16:37:33.883669+00:00,cast_def_0_7355.jpeg,def_front,True,0.6712,0.6712,resnet18_transfer
2026-08-18T16:37:33.894373+00:00,cast_ok_0_4987.jpeg,ok_front,False,0.9827,0.017299999999999982,resnet18_transfer
2026-08-18T16:37:33.905031+00:00,cast_def_0_1060.jpeg,def_front,True,0.9927,0.9927,resnet18_transfer
2026-08-18T16:37:33.915445+00:00,cast_def_0_8656.jpeg,def_front,True,0.9631,0.9631,resnet18_transfer
2026-08-18T16:37:33.926122+00:00,cast_def_0_6286.jpeg,def_front,True,0.9011,0.9011,resnet18_transfer
2026-08-18T16:37:33.936661+00:00,cast_def_0_1778.jpeg,def_front,True,0.7357,0.7357,resnet18_transfer
2026-08-18T16:37:33.947448+00:00,cast_def_0_3373.jpeg,def_front,True,0.9968,0.9968,resnet18_transfer
2026-08-18T16:37:33.958476+00:00,cast_def_0_61.jpeg,def_front,True,0.9638,0.9638,resnet18_transfer
2026-08-18T16:37:33.969089+00:00,cast_def_0_4109.jpeg,def_front,True,0.9305,0.9305,resnet18_transfer
2026-08-18T16:37:33.979650+00:00,cast_def_0_5392.jpeg,def_front,True,0.9978,0.9978,resnet18_transfer
2026-08-18T16:37:33.990257+00:00,cast_def_0_9051.jpeg,def_front,True,0.8757,0.8757,resnet18_transfer
2026-08-18T16:37:34.001126+00:00,cast_ok_0_7848.jpeg,ok_front,False,0.9796,0.020399999999999974,resnet18_transfer
2026-08-18T16:37:34.011823+00:00,cast_ok_0_8133.jpeg,ok_front,False,0.9372,0.06279999999999997,resnet18_transfer
2026-08-18T16:37:34.022393+00:00,cast_def_0_5039.jpeg,def_front,True,0.8933,0.8933,resnet18_transfer
2026-08-18T16:37:34.033075+00:00,cast_def_0_1112.jpeg,def_front,True,0.7299,0.7299,resnet18_transfer
2026-08-18T16:37:34.043568+00:00,cast_def_0_9006.jpeg,ok_front,False,0.5555,0.4445,resnet18_transfer
2026-08-18T16:37:34.054199+00:00,cast_def_0_1912.jpeg,def_front,True,0.9763,0.9763,resnet18_transfer
2026-08-18T16:37:34.064689+00:00,cast_def_0_9802.jpeg,def_front,True,0.9591,0.9591,resnet18_transfer
2026-08-18T16:37:34.075211+00:00,cast_ok_0_1343.jpeg,ok_front,False,0.9693,0.03069999999999995,resnet18_transfer
2026-08-18T16:37:34.085714+00:00,cast_def_0_9872.jpeg,def_front,True,0.9926,0.9926,resnet18_transfer
2026-08-18T16:37:34.096236+00:00,cast_def_0_4464.jpeg,def_front,True,0.9668,0.9668,resnet18_transfer
2026-08-18T16:37:34.106690+00:00,cast_ok_0_7119.jpeg,ok_front,False,0.978,0.02200000000000002,resnet18_transfer
2026-08-18T16:37:34.117265+00:00,cast_def_0_7898.jpeg,def_front,True,0.504,0.504,resnet18_transfer
2026-08-18T16:37:34.128193+00:00,cast_def_0_1926.jpeg,def_front,True,0.8437,0.8437,resnet18_transfer
2026-08-18T16:37:34.139152+00:00,cast_def_0_5672.jpeg,def_front,True,0.776,0.776,resnet18_transfer
2026-08-18T16:37:34.150148+00:00,cast_def_0_4083.jpeg,def_front,True,0.9464,0.9464,resnet18_transfer
2026-08-18T16:37:34.161482+00:00,cast_ok_0_7989.jpeg,ok_front,False,0.9466,0.0534,resnet18_transfer
2026-08-18T16:37:34.172305+00:00,cast_ok_0_2664.jpeg,ok_front,False,0.9099,0.09009999999999996,resnet18_transfer
2026-08-18T16:37:34.183192+00:00,cast_def_0_4923.jpeg,def_front,True,0.7431,0.7431,resnet18_transfer
2026-08-18T16:37:34.193963+00:00,cast_def_0_5921.jpeg,def_front,True,0.9362,0.9362,resnet18_transfer
2026-08-18T16:37:34.204655+00:00,cast_def_0_7063.jpeg,def_front,True,0.7267,0.7267,resnet18_transfer
2026-08-18T16:37:34.215143+00:00,cast_ok_0_7424.jpeg,ok_front,False,0.9656,0.034399999999999986,resnet18_transfer
2026-08-18T16:37:34.225881+00:00,cast_def_0_2901.jpeg,def_front,True,0.9991,0.9991,resnet18_transfer
2026-08-18T16:37:34.236428+00:00,cast_ok_0_407.jpeg,ok_front,False,0.9904,0.009600000000000053,resnet18_transfer
2026-08-18T16:37:34.247018+00:00,cast_def_0_3841.jpeg,def_front,True,0.9417,0.9417,resnet18_transfer
2026-08-18T16:37:34.257603+00:00,cast_ok_0_2277.jpeg,ok_front,False,0.982,0.018000000000000016,resnet18_transfer
2026-08-18T16:37:34.268204+00:00,cast_def_0_3385.jpeg,def_front,True,0.9341,0.9341,resnet18_transfer
2026-08-18T16:37:34.278895+00:00,cast_def_0_2558.jpeg,def_front,True,0.9143,0.9143,resnet18_transfer
2026-08-18T16:37:34.289435+00:00,cast_ok_0_9320.jpeg,ok_front,False,0.9894,0.010600000000000054,resnet18_transfer
2026-08-18T16:37:34.300065+00:00,cast_def_0_1966.jpeg,def_front,True,0.8503,0.8503,resnet18_transfer
2026-08-18T16:37:34.310608+00:00,cast_def_0_8022.jpeg,def_front,True,0.9855,0.9855,resnet18_transfer
2026-08-18T16:37:34.321003+00:00,cast_def_0_2895.jpeg,def_front,True,0.9917,0.9917,resnet18_transfer
2026-08-18T16:37:34.331266+00:00,cast_def_0_4108.jpeg,def_front,True,0.9995,0.9995,resnet18_transfer
2026-08-18T16:37:34.341911+00:00,cast_def_0_8446.jpeg,def_front,True,0.951,0.951,resnet18_transfer
2026-08-18T16:37:34.352605+00:00,cast_def_0_2546.jpeg,def_front,True,0.9734,0.9734,resnet18_transfer
2026-08-18T16:37:34.363213+00:00,cast_def_0_8506.jpeg,def_front,True,0.979,0.979,resnet18_transfer
2026-08-18T16:37:34.373722+00:00,cast_def_0_5596.jpeg,def_front,True,0.9569,0.9569,resnet18_transfer
2026-08-18T16:37:34.384344+00:00,cast_def_0_3161.jpeg,def_front,True,0.9272,0.9272,resnet18_transfer
2026-08-18T16:37:34.394896+00:00,cast_ok_0_9392.jpeg,ok_front,False,0.7354,0.26459999999999995,resnet18_transfer
2026-08-18T16:37:34.405596+00:00,cast_ok_0_4859.jpeg,ok_front,False,0.9961,0.0039000000000000146,resnet18_transfer
2026-08-18T16:37:34.416468+00:00,cast_ok_0_6168.jpeg,ok_front,False,0.9837,0.01629999999999998,resnet18_transfer
2026-08-18T16:37:34.427068+00:00,cast_def_0_3671.jpeg,def_front,True,0.9918,0.9918,resnet18_transfer
2026-08-18T16:37:34.437523+00:00,cast_def_0_8475.jpeg,def_front,True,0.9964,0.9964,resnet18_transfer
2026-08-18T16:37:34.448123+00:00,cast_ok_0_1022.jpeg,ok_front,False,0.9506,0.0494,resnet18_transfer
2026-08-18T16:37:34.458809+00:00,cast_ok_0_2752.jpeg,ok_front,False,0.9888,0.011199999999999988,resnet18_transfer
2026-08-18T16:37:34.469321+00:00,cast_def_0_5378.jpeg,def_front,True,0.9992,0.9992,resnet18_transfer
2026-08-18T16:37:34.479861+00:00,cast_def_0_9138.jpeg,def_front,True,0.9709,0.9709,resnet18_transfer
2026-08-18T16:37:34.490422+00:00,cast_def_0_6885.jpeg,def_front,True,0.9745,0.9745,resnet18_transfer
